what,kind,bundleId,bundleVersion,description,time
activated,workbench,org.eclipse.ui.workbench,3.6.1.M20100826-1330,"",1363945432805
executed,command,org.eclipse.ui.workbench.texteditor,3.6.1.r361_v20100714-0800,"org.eclipse.ui.edit.text.delete.line",1363945435778
executed,command,org.eclipse.ui,3.6.1.M20100826-1330,"org.eclipse.ui.file.save",1363945436055
executed,command,org.eclipse.ui,3.6.1.M20100826-1330,"org.eclipse.ui.file.save",1363945450983
deactivated,workbench,org.eclipse.ui.workbench,3.6.1.M20100826-1330,"",1363945452466
activated,workbench,org.eclipse.ui.workbench,3.6.1.M20100826-1330,"",1363945458432
deactivated,workbench,org.eclipse.ui.workbench,3.6.1.M20100826-1330,"",1363945459441
activated,workbench,org.eclipse.ui.workbench,3.6.1.M20100826-1330,"",1363945460600
deactivated,workbench,org.eclipse.ui.workbench,3.6.1.M20100826-1330,"",1363945461896
activated,workbench,org.eclipse.ui.workbench,3.6.1.M20100826-1330,"",1363945466967
deactivated,workbench,org.eclipse.ui.workbench,3.6.1.M20100826-1330,"",1363945474027
activated,workbench,org.eclipse.ui.workbench,3.6.1.M20100826-1330,"",1363945476918
deactivated,workbench,org.eclipse.ui.workbench,3.6.1.M20100826-1330,"",1363945477723
activated,workbench,org.eclipse.ui.workbench,3.6.1.M20100826-1330,"",1363945499033
executed,command,org.eclipse.ui,3.6.1.M20100826-1330,"org.eclipse.ui.edit.copy",1363945505642
executed,command,org.eclipse.ui,3.6.1.M20100826-1330,"org.eclipse.ui.file.save",1363945515663
deactivated,workbench,org.eclipse.ui.workbench,3.6.1.M20100826-1330,"",1363945516648
activated,workbench,org.eclipse.ui.workbench,3.6.1.M20100826-1330,"",1363945518653
executed,command,org.eclipse.ui,3.6.1.M20100826-1330,"org.eclipse.ui.file.save",1363945521889
deactivated,workbench,org.eclipse.ui.workbench,3.6.1.M20100826-1330,"",1363945522735
activated,workbench,org.eclipse.ui.workbench,3.6.1.M20100826-1330,"",1363945532977
executed,command,org.eclipse.ui.workbench.texteditor,3.6.1.r361_v20100714-0800,"org.eclipse.ui.edit.text.delete.line",1363945535224
executed,command,org.eclipse.ui,3.6.1.M20100826-1330,"org.eclipse.ui.file.save",1363945535467
deactivated,workbench,org.eclipse.ui.workbench,3.6.1.M20100826-1330,"",1363945542335
activated,workbench,org.eclipse.ui.workbench,3.6.1.M20100826-1330,"",1363945548627
activated,view,org.eclipse.ui.ide,3.6.1.M20100825-0800,"org.eclipse.ui.views.ResourceNavigator",1363945551422
executed,command,org.eclipse.ui,3.6.1.M20100826-1330,"org.eclipse.ui.edit.paste",1363945557389
activated,editor,org.eclipse.php.ui,2.2.1.v20100822-1200,"org.eclipse.php.editor",1363945558482
deactivated,workbench,org.eclipse.ui.workbench,3.6.1.M20100826-1330,"",1363945559352
activated,workbench,org.eclipse.ui.workbench,3.6.1.M20100826-1330,"",1363945597260
deactivated,workbench,org.eclipse.ui.workbench,3.6.1.M20100826-1330,"",1363945613626
activated,workbench,org.eclipse.ui.workbench,3.6.1.M20100826-1330,"",1363945654368
executed,command,org.eclipse.ui.workbench.texteditor,3.6.1.r361_v20100714-0800,"org.eclipse.ui.edit.text.delete.line",1363945661300
executed,command,org.eclipse.ui,3.6.1.M20100826-1330,"org.eclipse.ui.edit.copy",1363945676996
executed,command,org.eclipse.ui,3.6.1.M20100826-1330,"org.eclipse.ui.edit.copy",1363945679378
executed,command,org.eclipse.ui,3.6.1.M20100826-1330,"org.eclipse.ui.edit.paste",1363945682062
executed,command,org.eclipse.ui,3.6.1.M20100826-1330,"org.eclipse.ui.file.save",1363945700849
deactivated,workbench,org.eclipse.ui.workbench,3.6.1.M20100826-1330,"",1363945705578
activated,workbench,org.eclipse.ui.workbench,3.6.1.M20100826-1330,"",1363945706488
deactivated,workbench,org.eclipse.ui.workbench,3.6.1.M20100826-1330,"",1363945707147
activated,workbench,org.eclipse.ui.workbench,3.6.1.M20100826-1330,"",1363945744684
executed,command,org.eclipse.ui,3.6.1.M20100826-1330,"org.eclipse.ui.edit.copy",1363945762318
executed,command,org.eclipse.ui,3.6.1.M20100826-1330,"org.eclipse.ui.edit.paste",1363945763319
executed,command,org.eclipse.ui,3.6.1.M20100826-1330,"org.eclipse.ui.edit.copy",1363945767317
executed,command,org.eclipse.ui,3.6.1.M20100826-1330,"org.eclipse.ui.edit.paste",1363945769870
deactivated,workbench,org.eclipse.ui.workbench,3.6.1.M20100826-1330,"",1363945771417
activated,workbench,org.eclipse.ui.workbench,3.6.1.M20100826-1330,"",1363945775217
executed,command,org.eclipse.ui,3.6.1.M20100826-1330,"org.eclipse.ui.file.save",1363945777473
executed,command,org.eclipse.ui,3.6.1.M20100826-1330,"org.eclipse.ui.file.save",1363945784249
deactivated,workbench,org.eclipse.ui.workbench,3.6.1.M20100826-1330,"",1363945785207
activated,workbench,org.eclipse.ui.workbench,3.6.1.M20100826-1330,"",1363945786595
deactivated,workbench,org.eclipse.ui.workbench,3.6.1.M20100826-1330,"",1363945787303
activated,workbench,org.eclipse.ui.workbench,3.6.1.M20100826-1330,"",1363945796296
executed,command,org.eclipse.ui,3.6.1.M20100826-1330,"org.eclipse.ui.file.save",1363945804145
deactivated,workbench,org.eclipse.ui.workbench,3.6.1.M20100826-1330,"",1363945805069
activated,workbench,org.eclipse.ui.workbench,3.6.1.M20100826-1330,"",1363945824328
deactivated,workbench,org.eclipse.ui.workbench,3.6.1.M20100826-1330,"",1363945827295
activated,workbench,org.eclipse.ui.workbench,3.6.1.M20100826-1330,"",1363945828829
deactivated,workbench,org.eclipse.ui.workbench,3.6.1.M20100826-1330,"",1363945840115
activated,workbench,org.eclipse.ui.workbench,3.6.1.M20100826-1330,"",1363945842879
executed,command,org.eclipse.ui,3.6.1.M20100826-1330,"org.eclipse.ui.file.save",1363945853358
deactivated,workbench,org.eclipse.ui.workbench,3.6.1.M20100826-1330,"",1363945854416
activated,workbench,org.eclipse.ui.workbench,3.6.1.M20100826-1330,"",1363945862016
deactivated,workbench,org.eclipse.ui.workbench,3.6.1.M20100826-1330,"",1363945871961
activated,workbench,org.eclipse.ui.workbench,3.6.1.M20100826-1330,"",1363945874263
executed,command,org.eclipse.ui,3.6.1.M20100826-1330,"org.eclipse.ui.file.save",1363945875266
deactivated,workbench,org.eclipse.ui.workbench,3.6.1.M20100826-1330,"",1363945878886
activated,workbench,org.eclipse.ui.workbench,3.6.1.M20100826-1330,"",1363945891996
deactivated,workbench,org.eclipse.ui.workbench,3.6.1.M20100826-1330,"",1363945895123
activated,workbench,org.eclipse.ui.workbench,3.6.1.M20100826-1330,"",1363945903017
executed,command,org.eclipse.ui,3.6.1.M20100826-1330,"org.eclipse.ui.file.save",1363945915784
deactivated,workbench,org.eclipse.ui.workbench,3.6.1.M20100826-1330,"",1363945917379
activated,workbench,org.eclipse.ui.workbench,3.6.1.M20100826-1330,"",1363945927208
deactivated,workbench,org.eclipse.ui.workbench,3.6.1.M20100826-1330,"",1363945929953
activated,workbench,org.eclipse.ui.workbench,3.6.1.M20100826-1330,"",1363945968311
deactivated,workbench,org.eclipse.ui.workbench,3.6.1.M20100826-1330,"",1363945971935
activated,workbench,org.eclipse.ui.workbench,3.6.1.M20100826-1330,"",1363945994101
activated,view,org.eclipse.ui.ide,3.6.1.M20100825-0800,"org.eclipse.ui.views.ResourceNavigator",1363945997165
opened,editor,org.eclipse.php.ui,2.2.1.v20100822-1200,"org.eclipse.php.editor",1363946003551
activated,editor,org.eclipse.php.ui,2.2.1.v20100822-1200,"org.eclipse.php.editor",1363946003627
deactivated,workbench,org.eclipse.ui.workbench,3.6.1.M20100826-1330,"",1363946008742
activated,workbench,org.eclipse.ui.workbench,3.6.1.M20100826-1330,"",1363946014179
deactivated,workbench,org.eclipse.ui.workbench,3.6.1.M20100826-1330,"",1363946015058
executed,command,org.eclipse.ui,3.6.1.M20100826-1330,"org.eclipse.ui.edit.findReplace",1363946015101
executed,command,org.eclipse.ui,3.6.1.M20100826-1330,"org.eclipse.ui.edit.paste",1363946015380
activated,workbench,org.eclipse.ui.workbench,3.6.1.M20100826-1330,"",1363946017627
deactivated,workbench,org.eclipse.ui.workbench,3.6.1.M20100826-1330,"",1363946020700
activated,workbench,org.eclipse.ui.workbench,3.6.1.M20100826-1330,"",1363946024196
executed,command,org.eclipse.ui,3.6.1.M20100826-1330,"org.eclipse.ui.file.save",1363946028394
deactivated,workbench,org.eclipse.ui.workbench,3.6.1.M20100826-1330,"",1363946029489
activated,workbench,org.eclipse.ui.workbench,3.6.1.M20100826-1330,"",1363946061840
deactivated,workbench,org.eclipse.ui.workbench,3.6.1.M20100826-1330,"",1363946062504
deactivated,workbench,org.eclipse.ui.workbench,3.6.1.M20100826-1330,"",1363946065724
activated,workbench,org.eclipse.ui.workbench,3.6.1.M20100826-1330,"",1363946065985
activated,view,org.eclipse.ui.ide,3.6.1.M20100825-0800,"org.eclipse.ui.views.ResourceNavigator",1363946067762
opened,editor,org.eclipse.wst.css.ui,1.0.501.v201008232042,"org.eclipse.wst.css.core.csssource.source",1363946072394
activated,editor,org.eclipse.wst.css.ui,1.0.501.v201008232042,"org.eclipse.wst.css.core.csssource.source",1363946072631
deactivated,workbench,org.eclipse.ui.workbench,3.6.1.M20100826-1330,"",1363946084119
activated,workbench,org.eclipse.ui.workbench,3.6.1.M20100826-1330,"",1363946087682
executed,command,org.eclipse.ui,3.6.1.M20100826-1330,"org.eclipse.ui.file.save",1363946092197
deactivated,workbench,org.eclipse.ui.workbench,3.6.1.M20100826-1330,"",1363946093308
activated,workbench,org.eclipse.ui.workbench,3.6.1.M20100826-1330,"",1363946117780
executed,command,org.eclipse.ui,3.6.1.M20100826-1330,"org.eclipse.ui.file.save",1363946138279
deactivated,workbench,org.eclipse.ui.workbench,3.6.1.M20100826-1330,"",1363946154308
activated,workbench,org.eclipse.ui.workbench,3.6.1.M20100826-1330,"",1363946165508
deactivated,workbench,org.eclipse.ui.workbench,3.6.1.M20100826-1330,"",1363946168677
activated,workbench,org.eclipse.ui.workbench,3.6.1.M20100826-1330,"",1363946211555
activated,editor,org.eclipse.php.ui,2.2.1.v20100822-1200,"org.eclipse.php.editor",1363946215356
deactivated,workbench,org.eclipse.ui.workbench,3.6.1.M20100826-1330,"",1363946225443
activated,workbench,org.eclipse.ui.workbench,3.6.1.M20100826-1330,"",1363946245529
deactivated,workbench,org.eclipse.ui.workbench,3.6.1.M20100826-1330,"",1363946248060
activated,workbench,org.eclipse.ui.workbench,3.6.1.M20100826-1330,"",1363946314279
activated,view,org.eclipse.ui.ide,3.6.1.M20100825-0800,"org.eclipse.ui.views.ResourceNavigator",1363946315755
opened,editor,org.eclipse.php.ui,2.2.1.v20100822-1200,"org.eclipse.php.editor",1363946316784
activated,editor,org.eclipse.php.ui,2.2.1.v20100822-1200,"org.eclipse.php.editor",1363946316853
executed,command,org.eclipse.ui,3.6.1.M20100826-1330,"org.eclipse.ui.edit.copy",1363946320874
deactivated,workbench,org.eclipse.ui.workbench,3.6.1.M20100826-1330,"",1363946321850
activated,workbench,org.eclipse.ui.workbench,3.6.1.M20100826-1330,"",1363946368840
activated,editor,org.eclipse.wst.css.ui,1.0.501.v201008232042,"org.eclipse.wst.css.core.csssource.source",1363946368950
activated,editor,org.eclipse.php.ui,2.2.1.v20100822-1200,"org.eclipse.php.editor",1363946370931
deactivated,workbench,org.eclipse.ui.workbench,3.6.1.M20100826-1330,"",1363946386264
activated,workbench,org.eclipse.ui.workbench,3.6.1.M20100826-1330,"",1363946424282
activated,editor,org.eclipse.wst.css.ui,1.0.501.v201008232042,"org.eclipse.wst.css.core.csssource.source",1363946424429
deactivated,workbench,org.eclipse.ui.workbench,3.6.1.M20100826-1330,"",1363946430614
activated,workbench,org.eclipse.ui.workbench,3.6.1.M20100826-1330,"",1363946454972
deactivated,workbench,org.eclipse.ui.workbench,3.6.1.M20100826-1330,"",1363946460320
activated,workbench,org.eclipse.ui.workbench,3.6.1.M20100826-1330,"",1363946464351
deactivated,workbench,org.eclipse.ui.workbench,3.6.1.M20100826-1330,"",1363946465084
activated,workbench,org.eclipse.ui.workbench,3.6.1.M20100826-1330,"",1363946473767
activated,editor,org.eclipse.php.ui,2.2.1.v20100822-1200,"org.eclipse.php.editor",1363946473847
deactivated,workbench,org.eclipse.ui.workbench,3.6.1.M20100826-1330,"",1363946477009
activated,workbench,org.eclipse.ui.workbench,3.6.1.M20100826-1330,"",1363946480658
deactivated,workbench,org.eclipse.ui.workbench,3.6.1.M20100826-1330,"",1363946481347
activated,workbench,org.eclipse.ui.workbench,3.6.1.M20100826-1330,"",1363946492912
deactivated,workbench,org.eclipse.ui.workbench,3.6.1.M20100826-1330,"",1363946493018
activated,workbench,org.eclipse.ui.workbench,3.6.1.M20100826-1330,"",1363946494064
started,bundle,org.eclipse.wst.jsdt.debug.core,1.0.1.v201008170101,"org.eclipse.wst.jsdt.debug.core",1363946494143
closed,workbench,org.eclipse.ui.workbench,3.6.1.M20100826-1330,"",1363946494586
stopped,bundle,org.eclipse.compare.win32,1.0.100.I20100505-1245,"org.eclipse.compare.win32",1363946496156
stopped,bundle,org.eclipse.dltk.testing,1.0.0.v20090914-1703,"org.eclipse.dltk.testing",1363946496243
stopped,bundle,org.zend.php.debug.debugger,5.2.15.v20081217,"org.zend.php.debug.debugger",1363946496287
stopped,bundle,org.eclipse.php.server.ui,2.2.0.v20100505-0800,"org.eclipse.php.server.ui",1363946496287
stopped,bundle,org.eclipse.php.debug.ui,2.2.0.v20100822-0100,"org.eclipse.php.debug.ui",1363946496287
stopped,bundle,org.eclipse.dltk.debug.ui,2.0.0.v20100115-2213,"org.eclipse.dltk.debug.ui",1363946496347
stopped,bundle,org.eclipse.dltk.formatter,2.0.0.v20100304-1959,"org.eclipse.dltk.formatter",1363946496377
stopped,bundle,org.eclipse.dltk.rse.ui,2.0.0.v20100115-2213,"org.eclipse.dltk.rse.ui",1363946496377
stopped,bundle,org.eclipse.dltk.validators.externalchecker,1.0.0.v20090803-1754,"org.eclipse.dltk.validators.externalchecker",1363946496377
stopped,bundle,org.eclipse.dltk.validators.ui,2.0.0.v20091214-1712,"org.eclipse.dltk.validators.ui",1363946496377
stopped,bundle,org.eclipse.php.debug.core,2.2.0.v20100822-0100,"org.eclipse.php.debug.core",1363946496377
stopped,bundle,org.eclipse.php.ui,2.2.1.v20100822-1200,"org.eclipse.php.ui",1363946496377
stopped,bundle,org.eclipse.dltk.ui,2.0.0.v20100909-1720,"org.eclipse.dltk.ui",1363946496377
stopped,bundle,org.eclipse.equinox.p2.ui.sdk,1.0.100.v20100513,"org.eclipse.equinox.p2.ui.sdk",1363946496388
stopped,bundle,org.eclipse.wst.xsl.jaxp.debug.ui,1.0.100.v201004290328,"org.eclipse.wst.xsl.jaxp.debug.ui",1363946496488
activated,perspective,org.eclipse.php.ui,,"org.eclipse.php.perspective",1363950815890
started,bundle,org.eclipse.osgi,3.6.1.R36x_v20100806,"org.eclipse.osgi",1363950815905
started,bundle,org.eclipse.equinox.simpleconfigurator,1.0.200.v20100503,"org.eclipse.equinox.simpleconfigurator",1363950815921
started,bundle,com.ibm.icu,4.2.1.v20100412,"com.ibm.icu",1363950815936
started,bundle,org.eclipse.compare.core,3.5.100.I20100526-0800,"org.eclipse.compare.core",1363950815999
started,bundle,org.eclipse.core.contenttype,3.4.100.v20100505-1235,"org.eclipse.core.contenttype",1363950816139
started,bundle,org.eclipse.core.databinding.observable,1.3.0.I20100601-0800,"org.eclipse.core.databinding.observable",1363950816155
started,bundle,org.eclipse.core.expressions,3.4.200.v20100505,"org.eclipse.core.expressions",1363950816217
started,bundle,org.eclipse.core.filebuffers,3.5.100.v20100520-0800,"org.eclipse.core.filebuffers",1363950816217
started,bundle,org.eclipse.core.filesystem,1.3.1.R36x_v20100727-0745,"org.eclipse.core.filesystem",1363950816248
started,bundle,org.eclipse.core.jobs,3.5.1.R36x_v20100824,"org.eclipse.core.jobs",1363950816248
started,bundle,org.eclipse.core.net,1.2.100.I20100511-0800,"org.eclipse.core.net",1363950816248
started,bundle,org.eclipse.core.resources,3.6.0.R36x_v20100825-0600,"org.eclipse.core.resources",1363950816264
started,bundle,org.eclipse.core.runtime,3.6.0.v20100505,"org.eclipse.core.runtime",1363950816280
started,bundle,org.eclipse.core.runtime.compatibility,3.2.100.v20100505,"org.eclipse.core.runtime.compatibility",1363950816295
started,bundle,org.eclipse.core.runtime.compatibility.auth,3.2.200.v20100517,"org.eclipse.core.runtime.compatibility.auth",1363950816311
started,bundle,org.eclipse.debug.core,3.6.0.v20100519,"org.eclipse.debug.core",1363950816436
started,bundle,org.eclipse.debug.ui,3.6.1.v20100901_r361,"org.eclipse.debug.ui",1363950816654
started,bundle,org.eclipse.dltk.core,2.0.1.v20100806-1245,"org.eclipse.dltk.core",1363950816857
started,bundle,org.eclipse.dltk.core.index.sql,2.0.1.v20100909-1720,"org.eclipse.dltk.core.index.sql",1363950816904
started,bundle,org.eclipse.dltk.core.index.sql.h2,2.0.1.v20100909-1720,"org.eclipse.dltk.core.index.sql.h2",1363950816904
started,bundle,org.eclipse.dltk.launching,2.0.0.v20100806-1245,"org.eclipse.dltk.launching",1363950816919
started,bundle,org.eclipse.dltk.rse.core,2.0.1.v20100804-1944,"org.eclipse.dltk.rse.core",1363950816966
started,bundle,org.eclipse.dltk.rse.ui,2.0.0.v20100115-2213,"org.eclipse.dltk.rse.ui",1363950816966
started,bundle,org.eclipse.dltk.ui,2.0.0.v20100909-1720,"org.eclipse.dltk.ui",1363950817044
started,bundle,org.eclipse.emf.common,2.6.0.v20100914-1218,"org.eclipse.emf.common",1363950817060
started,bundle,org.eclipse.epp.usagedata.gathering,1.3.0.R201005261100,"org.eclipse.epp.usagedata.gathering",1363950817122
started,bundle,org.eclipse.epp.usagedata.recording,1.3.0.R201005261100,"org.eclipse.epp.usagedata.recording",1363950817138
started,bundle,org.eclipse.equinox.app,1.3.1.R36x_v20100803,"org.eclipse.equinox.app",1363950817153
started,bundle,org.eclipse.equinox.common,3.6.0.v20100503,"org.eclipse.equinox.common",1363950817153
started,bundle,org.eclipse.equinox.ds,1.2.1.R36x_v20100803,"org.eclipse.equinox.ds",1363950817169
started,bundle,org.eclipse.equinox.event,1.2.0.v20100503,"org.eclipse.equinox.event",1363950817169
started,bundle,org.eclipse.equinox.p2.core,2.0.2.R36x_v20100804,"org.eclipse.equinox.p2.core",1363950817184
started,bundle,org.eclipse.equinox.p2.directorywatcher,1.0.202.R36x_v20100727,"org.eclipse.equinox.p2.directorywatcher",1363950817200
started,bundle,org.eclipse.equinox.p2.engine,2.0.0.v20100606,"org.eclipse.equinox.p2.engine",1363950817200
started,bundle,org.eclipse.equinox.p2.metadata,2.0.0.v20100601,"org.eclipse.equinox.p2.metadata",1363950817216
started,bundle,org.eclipse.equinox.p2.metadata.repository,1.1.0.v20100513,"org.eclipse.equinox.p2.metadata.repository",1363950817231
started,bundle,org.eclipse.equinox.p2.operations,2.0.0.v20100510,"org.eclipse.equinox.p2.operations",1363950817247
started,bundle,org.eclipse.equinox.p2.reconciler.dropins,1.1.0.v20100525,"org.eclipse.equinox.p2.reconciler.dropins",1363950817247
started,bundle,org.eclipse.equinox.p2.repository,2.0.1.R36x_v20100823,"org.eclipse.equinox.p2.repository",1363950817278
started,bundle,org.eclipse.equinox.p2.ui.sdk.scheduler,1.0.0.v20100507-1815,"org.eclipse.equinox.p2.ui.sdk.scheduler",1363950817294
started,bundle,org.eclipse.equinox.p2.updatechecker,1.1.101.R36x_v20100823,"org.eclipse.equinox.p2.updatechecker",1363950817309
started,bundle,org.eclipse.equinox.preferences,3.3.0.v20100503,"org.eclipse.equinox.preferences",1363950817309
started,bundle,org.eclipse.equinox.registry,3.5.0.v20100503,"org.eclipse.equinox.registry",1363950817325
started,bundle,org.eclipse.equinox.security,1.0.200.v20100503,"org.eclipse.equinox.security",1363950817340
started,bundle,org.eclipse.equinox.util,1.0.200.v20100503,"org.eclipse.equinox.util",1363950817356
started,bundle,org.eclipse.help,3.5.0.v20100524,"org.eclipse.help",1363950817372
started,bundle,org.eclipse.jface,3.6.1.M20100825-0800,"org.eclipse.jface",1363950817387
started,bundle,org.eclipse.php.core,2.2.1.v20100822-1200,"org.eclipse.php.core",1363950817403
started,bundle,org.eclipse.php.debug.ui,2.2.0.v20100822-0100,"org.eclipse.php.debug.ui",1363950817403
started,bundle,org.eclipse.php.ui,2.2.1.v20100822-1200,"org.eclipse.php.ui",1363950817403
started,bundle,org.eclipse.rse.core,3.1.101.v201009071110,"org.eclipse.rse.core",1363950817418
started,bundle,org.eclipse.rse.services,3.2.0.v201006041352,"org.eclipse.rse.services",1363950817434
started,bundle,org.eclipse.rse.ui,3.1.101.v201008191400,"org.eclipse.rse.ui",1363950817590
started,bundle,org.eclipse.search,3.6.0.v20100520-0800,"org.eclipse.search",1363950817855
started,bundle,org.eclipse.team.core,3.5.100.R36x_v20100825-0800,"org.eclipse.team.core",1363950818027
started,bundle,org.eclipse.ui,3.6.1.M20100826-1330,"org.eclipse.ui",1363950818027
started,bundle,org.eclipse.ui.editors,3.6.1.r361_v20100825-0800,"org.eclipse.ui.editors",1363950818027
started,bundle,org.eclipse.ui.forms,3.5.2.r36_v20100702,"org.eclipse.ui.forms",1363950818089
started,bundle,org.eclipse.ui.ide,3.6.1.M20100825-0800,"org.eclipse.ui.ide",1363950818089
started,bundle,org.eclipse.ui.net,1.2.100.I20100505-1245,"org.eclipse.ui.net",1363950818105
started,bundle,org.eclipse.ui.views,3.5.0.I20100527-0800,"org.eclipse.ui.views",1363950818105
started,bundle,org.eclipse.ui.workbench,3.6.1.M20100826-1330,"org.eclipse.ui.workbench",1363950818152
started,bundle,org.eclipse.ui.workbench.texteditor,3.6.1.r361_v20100714-0800,"org.eclipse.ui.workbench.texteditor",1363950818308
started,bundle,org.eclipse.wst.common.frameworks,1.2.0.v201003040800,"org.eclipse.wst.common.frameworks",1363950818323
started,bundle,org.eclipse.wst.common.project.facet.core,1.4.102.v201008170019,"org.eclipse.wst.common.project.facet.core",1363950818323
started,bundle,org.eclipse.wst.common.uriresolver,1.1.401.v201004280700,"org.eclipse.wst.common.uriresolver",1363950818354
started,bundle,org.eclipse.wst.css.core,1.1.401.v201008161749,"org.eclipse.wst.css.core",1363950818386
started,bundle,org.eclipse.wst.css.ui,1.0.501.v201008232042,"org.eclipse.wst.css.ui",1363950818448
started,bundle,org.eclipse.wst.dtd.ui,1.0.500.v201004290328,"org.eclipse.wst.dtd.ui",1363950818464
started,bundle,org.eclipse.wst.html.core,1.1.402.v201008311901,"org.eclipse.wst.html.core",1363950818464
started,bundle,org.eclipse.wst.html.ui,1.0.502.v201009010342,"org.eclipse.wst.html.ui",1363950818479
started,bundle,org.eclipse.wst.jsdt.core,1.1.2.v201009011528,"org.eclipse.wst.jsdt.core",1363950818495
started,bundle,org.eclipse.wst.jsdt.manipulation,1.0.200.v201004150600,"org.eclipse.wst.jsdt.manipulation",1363950818510
started,bundle,org.eclipse.wst.jsdt.ui,1.1.2.v201009010353,"org.eclipse.wst.jsdt.ui",1363950818526
started,bundle,org.eclipse.wst.jsdt.web.core,1.0.302.v201009091745,"org.eclipse.wst.jsdt.web.core",1363950818542
started,bundle,org.eclipse.wst.jsdt.web.ui,1.0.302.v201009091745,"org.eclipse.wst.jsdt.web.ui",1363950818542
started,bundle,org.eclipse.wst.sse.core,1.1.502.v201008311901,"org.eclipse.wst.sse.core",1363950818557
started,bundle,org.eclipse.wst.sse.ui,1.2.2.v201008232126,"org.eclipse.wst.sse.ui",1363950818682
started,bundle,org.eclipse.wst.validation,1.2.200.v201005271900,"org.eclipse.wst.validation",1363950818682
started,bundle,org.eclipse.wst.xml.core,1.1.502.v201009010342,"org.eclipse.wst.xml.core",1363950818682
started,bundle,org.eclipse.wst.xml.ui,1.1.102.v201008251905,"org.eclipse.wst.xml.ui",1363950818698
os,sysinfo,,,"win32",1363950818744
arch,sysinfo,,,"x86",1363950818744
ws,sysinfo,,,"win32",1363950818744
locale,sysinfo,,,"zh_CN",1363950818744
processors,sysinfo,,,"2",1363950818744
java.runtime.name,sysinfo,,,"Java(TM) SE Runtime Environment",1363950818744
java.runtime.version,sysinfo,,,"1.6.0_20-b02",1363950818744
java.specification.name,sysinfo,,,"Java Platform API Specification",1363950818744
java.specification.vendor,sysinfo,,,"Sun Microsystems Inc.",1363950818744
java.specification.version,sysinfo,,,"1.6",1363950818744
java.vendor,sysinfo,,,"Sun Microsystems Inc.",1363950818744
java.version,sysinfo,,,"1.6.0_20",1363950818744
java.vm.info,sysinfo,,,"mixed mode",1363950818744
java.vm.name,sysinfo,,,"Java HotSpot(TM) Client VM",1363950818744
java.vm.specification.name,sysinfo,,,"Java Virtual Machine Specification",1363950818744
java.vm.specification.vendor,sysinfo,,,"Sun Microsystems Inc.",1363950818744
java.vm.specification.version,sysinfo,,,"1.0",1363950818744
java.vm.vendor,sysinfo,,,"Sun Microsystems Inc.",1363950818744
java.vm.version,sysinfo,,,"16.3-b01",1363950818744
started,bundle,org.eclipse.mylyn.commons.net,3.4.1.v20100625-2100-e3x,"org.eclipse.mylyn.commons.net",1363950818838
started,bundle,org.eclipse.rse.connectorservice.local,2.1.100.v200905272300,"org.eclipse.rse.connectorservice.local",1363950818963
started,bundle,org.eclipse.rse.services.local,2.1.201.v201009071110,"org.eclipse.rse.services.local",1363950819072
started,bundle,org.eclipse.mylyn.commons.ui,3.4.0.v20100608-0100-e3x,"org.eclipse.mylyn.commons.ui",1363950820102
started,bundle,org.eclipse.jdt.core,3.6.1.v_A68_R36x,"org.eclipse.jdt.core",1363950821069
started,bundle,org.eclipse.rse.subsystems.shells.core,3.1.100.v201003010830,"org.eclipse.rse.subsystems.shells.core",1363950821069
started,bundle,org.eclipse.rse.subsystems.shells.local,2.1.100.v200905272300,"org.eclipse.rse.subsystems.shells.local",1363950821069
started,bundle,org.eclipse.mylyn.bugzilla.core,3.4.2.v20100902-0100-e3x,"org.eclipse.mylyn.bugzilla.core",1363950821568
started,bundle,org.eclipse.jdt.core.manipulation,1.3.0.v20100520-0800,"org.eclipse.jdt.core.manipulation",1363950821818
started,bundle,org.eclipse.jdt.ui,3.6.1.r361_v20100825-0800,"org.eclipse.jdt.ui",1363950821958
started,bundle,org.eclipse.mylyn.bugzilla.ui,3.4.2.v20100909-0100-e3x,"org.eclipse.mylyn.bugzilla.ui",1363950821974
started,bundle,org.eclipse.mylyn.context.core,3.4.1.v20100909-0100-e3x,"org.eclipse.mylyn.context.core",1363950822582
started,bundle,org.eclipse.mylyn.context.ui,3.4.1.v20100909-0100-e3x,"org.eclipse.mylyn.context.ui",1363950822832
started,bundle,org.eclipse.jsch.core,1.1.200.I20100505-1245,"org.eclipse.jsch.core",1363950823284
started,bundle,org.eclipse.team.cvs.core,3.3.300.I20100526-0800,"org.eclipse.team.cvs.core",1363950823300
started,bundle,org.eclipse.team.ui,3.5.101.R36x_v20100825-0800,"org.eclipse.team.ui",1363950823658
started,bundle,org.eclipse.mylyn.tasks.ui,3.4.2.v20100902-0100-e3x,"org.eclipse.mylyn.tasks.ui",1363950823814
started,bundle,org.eclipse.ui.console,3.5.0.v20100526,"org.eclipse.ui.console",1363950823861
started,bundle,org.eclipse.mylyn.team.ui,3.4.2.v20100909-0100-e3x,"org.eclipse.mylyn.team.ui",1363950823970
started,bundle,org.eclipse.php.debug.daemon,2.2.0.v20100410-0300,"org.eclipse.php.debug.daemon",1363950823970
started,bundle,org.eclipse.update.scheduler,3.2.300.v20100512,"org.eclipse.update.scheduler",1363950824002
started,bundle,org.eclipse.php.server.core,2.2.0.v20100410-0300,"org.eclipse.php.server.core",1363950824251
started,bundle,org.eclipse.update.configurator,3.3.100.v20100512,"org.eclipse.update.configurator",1363950824750
started,bundle,org.eclipse.update.core,3.2.402.R36x_v20100629,"org.eclipse.update.core",1363950824844
